Variable,Effect (Ratios: per %)
TX,3.7334386658826815
IL,-0.15223340442819916
GA,-3.535028027307659
NJ,-4.445254164923229
CA,1.841666807856824
CO,0.7763304935825279
WA,1.7810796287168453
Fixed cost/TC,-1.9605584708440922
Variable cost/TC,-1.9399472080818243
Rental cost/TC,3.900505678925907
Num. of Products,0.044577054927607024
